CumulativeCustomerPct,CumulativeRevenuePct
0.02,0.0
0.05,0.0
0.07,0.0
0.09,0.0
0.12,0.0
0.14,0.0
0.16,0.0
0.18,0.0
0.21,0.0
0.23,0.0
0.25,0.0
0.28,0.0
0.3,0.0
0.32,0.0
0.35,0.0
0.37,0.0
0.39,0.0
0.41,0.0
0.44,0.0
0.46,0.0
0.48,0.01
0.51,0.01
0.53,0.01
0.55,0.01
0.58,0.01
0.6,0.01
0.62,0.01
0.65,0.01
0.67,0.01
0.69,0.01
0.71,0.01
0.74,0.01
0.76,0.01
0.78,0.01
0.81,0.01
0.83,0.01
0.85,0.01
0.88,0.01
0.9,0.01
0.92,0.01
0.95,0.01
0.97,0.02
0.99,0.02
1.01,0.02
1.04,0.02
1.06,0.02
1.08,0.02
1.11,0.02
1.13,0.02
1.15,0.02
1.18,0.02
1.2,0.02
1.22,0.02
1.24,0.02
1.27,0.02
1.29,0.02
1.31,0.03
1.34,0.03
1.36,0.03
1.38,0.03
1.41,0.03
1.43,0.03
1.45,0.03
1.48,0.03
1.5,0.03
1.52,0.03
1.54,0.03
1.57,0.03
1.59,0.03
1.61,0.03
1.64,0.04
1.66,0.04
1.68,0.04
1.71,0.04
1.73,0.04
1.75,0.04
1.78,0.04
1.8,0.04
1.82,0.04
1.84,0.04
1.87,0.04
1.89,0.04
1.91,0.05
1.94,0.05
1.96,0.05
1.98,0.05
2.01,0.05
2.03,0.05
2.05,0.05
2.07,0.05
2.1,0.05
2.12,0.05
2.14,0.05
2.17,0.05
2.19,0.06
2.21,0.06
2.24,0.06
2.26,0.06
2.28,0.06
2.31,0.06
2.33,0.06
2.35,0.06
2.37,0.06
2.4,0.06
2.42,0.06
2.44,0.07
2.47,0.07
2.49,0.07
2.51,0.07
2.54,0.07
2.56,0.07
2.58,0.07
2.6,0.07
2.63,0.07
2.65,0.07
2.67,0.08
2.7,0.08
2.72,0.08
2.74,0.08
2.77,0.08
2.79,0.08
2.81,0.08
2.84,0.08
2.86,0.08
2.88,0.08
2.9,0.09
2.93,0.09
2.95,0.09
2.97,0.09
3.0,0.09
3.02,0.09
3.04,0.09
3.07,0.09
3.09,0.09
3.11,0.09
3.14,0.1
3.16,0.1
3.18,0.1
3.2,0.1
3.23,0.1
3.25,0.1
3.27,0.1
3.3,0.1
3.32,0.1
3.34,0.11
3.37,0.11
3.39,0.11
3.41,0.11
3.43,0.11
3.46,0.11
3.48,0.11
3.5,0.11
3.53,0.11
3.55,0.11
3.57,0.12
3.6,0.12
3.62,0.12
3.64,0.12
3.67,0.12
3.69,0.12
3.71,0.12
3.73,0.12
3.76,0.13
3.78,0.13
3.8,0.13
3.83,0.13
3.85,0.13
3.87,0.13
3.9,0.13
3.92,0.13
3.94,0.13
3.96,0.14
3.99,0.14
4.01,0.14
4.03,0.14
4.06,0.14
4.08,0.14
4.1,0.14
4.13,0.14
4.15,0.14
4.17,0.15
4.2,0.15
4.22,0.15
4.24,0.15
4.26,0.15
4.29,0.15
4.31,0.15
4.33,0.15
4.36,0.16
4.38,0.16
4.4,0.16
4.43,0.16
4.45,0.16
4.47,0.16
4.5,0.16
4.52,0.16
4.54,0.17
4.56,0.17
4.59,0.17
4.61,0.17
4.63,0.17
4.66,0.17
4.68,0.17
4.7,0.17
4.73,0.18
4.75,0.18
4.77,0.18
4.79,0.18
4.82,0.18
4.84,0.18
4.86,0.18
4.89,0.18
4.91,0.19
4.93,0.19
4.96,0.19
4.98,0.19
5.0,0.19
5.03,0.19
5.05,0.19
5.07,0.19
5.09,0.2
5.12,0.2
5.14,0.2
5.16,0.2
5.19,0.2
5.21,0.2
5.23,0.2
5.26,0.2
5.28,0.21
5.3,0.21
5.33,0.21
5.35,0.21
5.37,0.21
5.39,0.21
5.42,0.21
5.44,0.21
5.46,0.22
5.49,0.22
5.51,0.22
5.53,0.22
5.56,0.22
5.58,0.22
5.6,0.22
5.62,0.22
5.65,0.23
5.67,0.23
5.69,0.23
5.72,0.23
5.74,0.23
5.76,0.23
5.79,0.23
5.81,0.24
5.83,0.24
5.86,0.24
5.88,0.24
5.9,0.24
5.92,0.24
5.95,0.24
5.97,0.24
5.99,0.25
6.02,0.25
6.04,0.25
6.06,0.25
6.09,0.25
6.11,0.25
6.13,0.25
6.15,0.26
6.18,0.26
6.2,0.26
6.22,0.26
6.25,0.26
6.27,0.26
6.29,0.26
6.32,0.26
6.34,0.27
6.36,0.27
6.39,0.27
6.41,0.27
6.43,0.27
6.45,0.27
6.48,0.27
6.5,0.28
6.52,0.28
6.55,0.28
6.57,0.28
6.59,0.28
6.62,0.28
6.64,0.28
6.66,0.29
6.69,0.29
6.71,0.29
6.73,0.29
6.75,0.29
6.78,0.29
6.8,0.29
6.82,0.3
6.85,0.3
6.87,0.3
6.89,0.3
6.92,0.3
6.94,0.3
6.96,0.3
6.98,0.31
7.01,0.31
7.03,0.31
7.05,0.31
7.08,0.31
7.1,0.31
7.12,0.31
7.15,0.32
7.17,0.32
7.19,0.32
7.22,0.32
7.24,0.32
7.26,0.32
7.28,0.32
7.31,0.33
7.33,0.33
7.35,0.33
7.38,0.33
7.4,0.33
7.42,0.33
7.45,0.34
7.47,0.34
7.49,0.34
7.51,0.34
7.54,0.34
7.56,0.34
7.58,0.34
7.61,0.35
7.63,0.35
7.65,0.35
7.68,0.35
7.7,0.35
7.72,0.35
7.75,0.36
7.77,0.36
7.79,0.36
7.81,0.36
7.84,0.36
7.86,0.36
7.88,0.36
7.91,0.37
7.93,0.37
7.95,0.37
7.98,0.37
8.0,0.37
8.02,0.37
8.05,0.38
8.07,0.38
8.09,0.38
8.11,0.38
8.14,0.38
8.16,0.38
8.18,0.38
8.21,0.39
8.23,0.39
8.25,0.39
8.28,0.39
8.3,0.39
8.32,0.39
8.34,0.4
8.37,0.4
8.39,0.4
8.41,0.4
8.44,0.4
8.46,0.4
8.48,0.41
8.51,0.41
8.53,0.41
8.55,0.41
8.58,0.41
8.6,0.41
8.62,0.42
8.64,0.42
8.67,0.42
8.69,0.42
8.71,0.42
8.74,0.42
8.76,0.43
8.78,0.43
8.81,0.43
8.83,0.43
8.85,0.43
8.88,0.43
8.9,0.44
8.92,0.44
8.94,0.44
8.97,0.44
8.99,0.44
9.01,0.44
9.04,0.45
9.06,0.45
9.08,0.45
9.11,0.45
9.13,0.45
9.15,0.45
9.17,0.46
9.2,0.46
9.22,0.46
9.24,0.46
9.27,0.46
9.29,0.46
9.31,0.47
9.34,0.47
9.36,0.47
9.38,0.47
9.41,0.47
9.43,0.47
9.45,0.48
9.47,0.48
9.5,0.48
9.52,0.48
9.54,0.48
9.57,0.48
9.59,0.49
9.61,0.49
9.64,0.49
9.66,0.49
9.68,0.49
9.7,0.49
9.73,0.5
9.75,0.5
9.77,0.5
9.8,0.5
9.82,0.5
9.84,0.51
9.87,0.51
9.89,0.51
9.91,0.51
9.94,0.51
9.96,0.51
9.98,0.52
10.0,0.52
10.03,0.52
10.05,0.52
10.07,0.52
10.1,0.52
10.12,0.53
10.14,0.53
10.17,0.53
10.19,0.53
10.21,0.53
10.24,0.53
10.26,0.54
10.28,0.54
10.3,0.54
10.33,0.54
10.35,0.54
10.37,0.55
10.4,0.55
10.42,0.55
10.44,0.55
10.47,0.55
10.49,0.55
10.51,0.56
10.53,0.56
10.56,0.56
10.58,0.56
10.6,0.56
10.63,0.57
10.65,0.57
10.67,0.57
10.7,0.57
10.72,0.57
10.74,0.57
10.77,0.58
10.79,0.58
10.81,0.58
10.83,0.58
10.86,0.58
10.88,0.59
10.9,0.59
10.93,0.59
10.95,0.59
10.97,0.59
11.0,0.59
11.02,0.6
11.04,0.6
11.07,0.6
11.09,0.6
11.11,0.6
11.13,0.61
11.16,0.61
11.18,0.61
11.2,0.61
11.23,0.61
11.25,0.62
11.27,0.62
11.3,0.62
11.32,0.62
11.34,0.62
11.36,0.62
11.39,0.63
11.41,0.63
11.43,0.63
11.46,0.63
11.48,0.63
11.5,0.64
11.53,0.64
11.55,0.64
11.57,0.64
11.6,0.64
11.62,0.65
11.64,0.65
11.66,0.65
11.69,0.65
11.71,0.65
11.73,0.65
11.76,0.66
11.78,0.66
11.8,0.66
11.83,0.66
11.85,0.66
11.87,0.67
11.89,0.67
11.92,0.67
11.94,0.67
11.96,0.67
11.99,0.68
12.01,0.68
12.03,0.68
12.06,0.68
12.08,0.68
12.1,0.69
12.13,0.69
12.15,0.69
12.17,0.69
12.19,0.69
12.22,0.7
12.24,0.7
12.26,0.7
12.29,0.7
12.31,0.7
12.33,0.71
12.36,0.71
12.38,0.71
12.4,0.71
12.43,0.71
12.45,0.72
12.47,0.72
12.49,0.72
12.52,0.72
12.54,0.72
12.56,0.73
12.59,0.73
12.61,0.73
12.63,0.73
12.66,0.73
12.68,0.74
12.7,0.74
12.72,0.74
12.75,0.74
12.77,0.74
12.79,0.75
12.82,0.75
12.84,0.75
12.86,0.75
12.89,0.75
12.91,0.76
12.93,0.76
12.96,0.76
12.98,0.76
13.0,0.76
13.02,0.77
13.05,0.77
13.07,0.77
13.09,0.77
13.12,0.77
13.14,0.78
13.16,0.78
13.19,0.78
13.21,0.78
13.23,0.78
13.25,0.79
13.28,0.79
13.3,0.79
13.32,0.79
13.35,0.79
13.37,0.8
13.39,0.8
13.42,0.8
13.44,0.8
13.46,0.8
13.49,0.81
13.51,0.81
13.53,0.81
13.55,0.81
13.58,0.81
13.6,0.82
13.62,0.82
13.65,0.82
13.67,0.82
13.69,0.83
13.72,0.83
13.74,0.83
13.76,0.83
13.79,0.83
13.81,0.84
13.83,0.84
13.85,0.84
13.88,0.84
13.9,0.84
13.92,0.85
13.95,0.85
13.97,0.85
13.99,0.85
14.02,0.86
14.04,0.86
14.06,0.86
14.08,0.86
14.11,0.86
14.13,0.87
14.15,0.87
14.18,0.87
14.2,0.87
14.22,0.87
14.25,0.88
14.27,0.88
14.29,0.88
14.32,0.88
14.34,0.89
14.36,0.89
14.38,0.89
14.41,0.89
14.43,0.89
14.45,0.9
14.48,0.9
14.5,0.9
14.52,0.9
14.55,0.91
14.57,0.91
14.59,0.91
14.62,0.91
14.64,0.91
14.66,0.92
14.68,0.92
14.71,0.92
14.73,0.92
14.75,0.93
14.78,0.93
14.8,0.93
14.82,0.93
14.85,0.93
14.87,0.94
14.89,0.94
14.91,0.94
14.94,0.94
14.96,0.95
14.98,0.95
15.01,0.95
15.03,0.95
15.05,0.95
15.08,0.96
15.1,0.96
15.12,0.96
15.15,0.96
15.17,0.97
15.19,0.97
15.21,0.97
15.24,0.97
15.26,0.98
15.28,0.98
15.31,0.98
15.33,0.98
15.35,0.98
15.38,0.99
15.4,0.99
15.42,0.99
15.44,0.99
15.47,1.0
15.49,1.0
15.51,1.0
15.54,1.0
15.56,1.0
15.58,1.01
15.61,1.01
15.63,1.01
15.65,1.01
15.68,1.02
15.7,1.02
15.72,1.02
15.74,1.02
15.77,1.03
15.79,1.03
15.81,1.03
15.84,1.03
15.86,1.03
15.88,1.04
15.91,1.04
15.93,1.04
15.95,1.04
15.98,1.05
16.0,1.05
16.02,1.05
16.04,1.05
16.07,1.06
16.09,1.06
16.11,1.06
16.14,1.06
16.16,1.07
16.18,1.07
16.21,1.07
16.23,1.07
16.25,1.08
16.27,1.08
16.3,1.08
16.32,1.08
16.34,1.08
16.37,1.09
16.39,1.09
16.41,1.09
16.44,1.09
16.46,1.1
16.48,1.1
16.51,1.1
16.53,1.1
16.55,1.11
16.57,1.11
16.6,1.11
16.62,1.11
16.64,1.12
16.67,1.12
16.69,1.12
16.71,1.12
16.74,1.13
16.76,1.13
16.78,1.13
16.8,1.13
16.83,1.14
16.85,1.14
16.87,1.14
16.9,1.14
16.92,1.15
16.94,1.15
16.97,1.15
16.99,1.15
17.01,1.15
17.04,1.16
17.06,1.16
17.08,1.16
17.1,1.16
17.13,1.17
17.15,1.17
17.17,1.17
17.2,1.17
17.22,1.18
17.24,1.18
17.27,1.18
17.29,1.18
17.31,1.19
17.34,1.19
17.36,1.19
17.38,1.19
17.4,1.2
17.43,1.2
17.45,1.2
17.47,1.2
17.5,1.21
17.52,1.21
17.54,1.21
17.57,1.21
17.59,1.22
17.61,1.22
17.63,1.22
17.66,1.22
17.68,1.23
17.7,1.23
17.73,1.23
17.75,1.23
17.77,1.24
17.8,1.24
17.82,1.24
17.84,1.24
17.87,1.25
17.89,1.25
17.91,1.25
17.93,1.25
17.96,1.26
17.98,1.26
18.0,1.26
18.03,1.27
18.05,1.27
18.07,1.27
18.1,1.27
18.12,1.28
18.14,1.28
18.17,1.28
18.19,1.28
18.21,1.29
18.23,1.29
18.26,1.29
18.28,1.29
18.3,1.3
18.33,1.3
18.35,1.3
18.37,1.3
18.4,1.31
18.42,1.31
18.44,1.31
18.46,1.31
18.49,1.32
18.51,1.32
18.53,1.32
18.56,1.32
18.58,1.33
18.6,1.33
18.63,1.33
18.65,1.34
18.67,1.34
18.7,1.34
18.72,1.34
18.74,1.35
18.76,1.35
18.79,1.35
18.81,1.35
18.83,1.36
18.86,1.36
18.88,1.36
18.9,1.36
18.93,1.37
18.95,1.37
18.97,1.37
18.99,1.38
19.02,1.38
19.04,1.38
19.06,1.38
19.09,1.39
19.11,1.39
19.13,1.39
19.16,1.39
19.18,1.4
19.2,1.4
19.23,1.4
19.25,1.41
19.27,1.41
19.29,1.41
19.32,1.41
19.34,1.42
19.36,1.42
19.39,1.42
19.41,1.42
19.43,1.43
19.46,1.43
19.48,1.43
19.5,1.44
19.53,1.44
19.55,1.44
19.57,1.44
19.59,1.45
19.62,1.45
19.64,1.45
19.66,1.45
19.69,1.46
19.71,1.46
19.73,1.46
19.76,1.47
19.78,1.47
19.8,1.47
19.82,1.47
19.85,1.48
19.87,1.48
19.89,1.48
19.92,1.49
19.94,1.49
19.96,1.49
19.99,1.49
20.01,1.5
20.03,1.5
20.06,1.5
20.08,1.5
20.1,1.51
20.12,1.51
20.15,1.51
20.17,1.52
20.19,1.52
20.22,1.52
20.24,1.52
20.26,1.53
20.29,1.53
20.31,1.53
20.33,1.54
20.36,1.54
20.38,1.54
20.4,1.54
20.42,1.55
20.45,1.55
20.47,1.55
20.49,1.56
20.52,1.56
20.54,1.56
20.56,1.56
20.59,1.57
20.61,1.57
20.63,1.57
20.65,1.58
20.68,1.58
20.7,1.58
20.72,1.58
20.75,1.59
20.77,1.59
20.79,1.59
20.82,1.6
20.84,1.6
20.86,1.6
20.89,1.6
20.91,1.61
20.93,1.61
20.95,1.61
20.98,1.62
21.0,1.62
21.02,1.62
21.05,1.63
21.07,1.63
21.09,1.63
21.12,1.63
21.14,1.64
21.16,1.64
21.18,1.64
21.21,1.65
21.23,1.65
21.25,1.65
21.28,1.66
21.3,1.66
21.32,1.66
21.35,1.66
21.37,1.67
21.39,1.67
21.42,1.67
21.44,1.68
21.46,1.68
21.48,1.68
21.51,1.69
21.53,1.69
21.55,1.69
21.58,1.69
21.6,1.7
21.62,1.7
21.65,1.7
21.67,1.71
21.69,1.71
21.72,1.71
21.74,1.72
21.76,1.72
21.78,1.72
21.81,1.72
21.83,1.73
21.85,1.73
21.88,1.73
21.9,1.74
21.92,1.74
21.95,1.74
21.97,1.75
21.99,1.75
22.01,1.75
22.04,1.76
22.06,1.76
22.08,1.76
22.11,1.76
22.13,1.77
22.15,1.77
22.18,1.77
22.2,1.78
22.22,1.78
22.25,1.78
22.27,1.79
22.29,1.79
22.31,1.79
22.34,1.8
22.36,1.8
22.38,1.8
22.41,1.81
22.43,1.81
22.45,1.81
22.48,1.82
22.5,1.82
22.52,1.82
22.54,1.82
22.57,1.83
22.59,1.83
22.61,1.83
22.64,1.84
22.66,1.84
22.68,1.84
22.71,1.85
22.73,1.85
22.75,1.85
22.78,1.86
22.8,1.86
22.82,1.86
22.84,1.87
22.87,1.87
22.89,1.87
22.91,1.88
22.94,1.88
22.96,1.88
22.98,1.89
23.01,1.89
23.03,1.89
23.05,1.9
23.08,1.9
23.1,1.9
23.12,1.91
23.14,1.91
23.17,1.91
23.19,1.92
23.21,1.92
23.24,1.92
23.26,1.93
23.28,1.93
23.31,1.93
23.33,1.94
23.35,1.94
23.37,1.94
23.4,1.94
23.42,1.95
23.44,1.95
23.47,1.95
23.49,1.96
23.51,1.96
23.54,1.96
23.56,1.97
23.58,1.97
23.61,1.97
23.63,1.98
23.65,1.98
23.67,1.98
23.7,1.99
23.72,1.99
23.74,1.99
23.77,2.0
23.79,2.0
23.81,2.0
23.84,2.01
23.86,2.01
23.88,2.01
23.91,2.02
23.93,2.02
23.95,2.02
23.97,2.03
24.0,2.03
24.02,2.04
24.04,2.04
24.07,2.04
24.09,2.05
24.11,2.05
24.14,2.05
24.16,2.06
24.18,2.06
24.2,2.06
24.23,2.07
24.25,2.07
24.27,2.07
24.3,2.08
24.32,2.08
24.34,2.08
24.37,2.09
24.39,2.09
24.41,2.09
24.44,2.1
24.46,2.1
24.48,2.1
24.5,2.11
24.53,2.11
24.55,2.11
24.57,2.12
24.6,2.12
24.62,2.12
24.64,2.13
24.67,2.13
24.69,2.13
24.71,2.14
24.73,2.14
24.76,2.14
24.78,2.15
24.8,2.15
24.83,2.15
24.85,2.16
24.87,2.16
24.9,2.16
24.92,2.17
24.94,2.17
24.97,2.17
24.99,2.18
25.01,2.18
25.03,2.19
25.06,2.19
25.08,2.19
25.1,2.2
25.13,2.2
25.15,2.2
25.17,2.21
25.2,2.21
25.22,2.21
25.24,2.22
25.27,2.22
25.29,2.22
25.31,2.23
25.33,2.23
25.36,2.23
25.38,2.24
25.4,2.24
25.43,2.24
25.45,2.25
25.47,2.25
25.5,2.25
25.52,2.26
25.54,2.26
25.56,2.27
25.59,2.27
25.61,2.27
25.63,2.28
25.66,2.28
25.68,2.28
25.7,2.29
25.73,2.29
25.75,2.29
25.77,2.3
25.8,2.3
25.82,2.3
25.84,2.31
25.86,2.31
25.89,2.31
25.91,2.32
25.93,2.32
25.96,2.32
25.98,2.33
26.0,2.33
26.03,2.34
26.05,2.34
26.07,2.34
26.09,2.35
26.12,2.35
26.14,2.35
26.16,2.36
26.19,2.36
26.21,2.36
26.23,2.37
26.26,2.37
26.28,2.37
26.3,2.38
26.33,2.38
26.35,2.38
26.37,2.39
26.39,2.39
26.42,2.4
26.44,2.4
26.46,2.4
26.49,2.41
26.51,2.41
26.53,2.41
26.56,2.42
26.58,2.42
26.6,2.42
26.63,2.43
26.65,2.43
26.67,2.43
26.69,2.44
26.72,2.44
26.74,2.45
26.76,2.45
26.79,2.45
26.81,2.46
26.83,2.46
26.86,2.46
26.88,2.47
26.9,2.47
26.92,2.47
26.95,2.48
26.97,2.48
26.99,2.48
27.02,2.49
27.04,2.49
27.06,2.5
27.09,2.5
27.11,2.5
27.13,2.51
27.16,2.51
27.18,2.51
27.2,2.52
27.22,2.52
27.25,2.52
27.27,2.53
27.29,2.53
27.32,2.54
27.34,2.54
27.36,2.54
27.39,2.55
27.41,2.55
27.43,2.55
27.46,2.56
27.48,2.56
27.5,2.57
27.52,2.57
27.55,2.57
27.57,2.58
27.59,2.58
27.62,2.58
27.64,2.59
27.66,2.59
27.69,2.59
27.71,2.6
27.73,2.6
27.75,2.61
27.78,2.61
27.8,2.61
27.82,2.62
27.85,2.62
27.87,2.62
27.89,2.63
27.92,2.63
27.94,2.64
27.96,2.64
27.99,2.64
28.01,2.65
28.03,2.65
28.05,2.65
28.08,2.66
28.1,2.66
28.12,2.66
28.15,2.67
28.17,2.67
28.19,2.68
28.22,2.68
28.24,2.68
28.26,2.69
28.28,2.69
28.31,2.69
28.33,2.7
28.35,2.7
28.38,2.71
28.4,2.71
28.42,2.71
28.45,2.72
28.47,2.72
28.49,2.72
28.52,2.73
28.54,2.73
28.56,2.74
28.58,2.74
28.61,2.74
28.63,2.75
28.65,2.75
28.68,2.76
28.7,2.76
28.72,2.76
28.75,2.77
28.77,2.77
28.79,2.77
28.82,2.78
28.84,2.78
28.86,2.79
28.88,2.79
28.91,2.79
28.93,2.8
28.95,2.8
28.98,2.8
29.0,2.81
29.02,2.81
29.05,2.82
29.07,2.82
29.09,2.82
29.11,2.83
29.14,2.83
29.16,2.84
29.18,2.84
29.21,2.84
29.23,2.85
29.25,2.85
29.28,2.85
29.3,2.86
29.32,2.86
29.35,2.87
29.37,2.87
29.39,2.87
29.41,2.88
29.44,2.88
29.46,2.89
29.48,2.89
29.51,2.89
29.53,2.9
29.55,2.9
29.58,2.91
29.6,2.91
29.62,2.91
29.64,2.92
29.67,2.92
29.69,2.92
29.71,2.93
29.74,2.93
29.76,2.94
29.78,2.94
29.81,2.94
29.83,2.95
29.85,2.95
29.88,2.96
29.9,2.96
29.92,2.96
29.94,2.97
29.97,2.97
29.99,2.98
30.01,2.98
30.04,2.98
30.06,2.99
30.08,2.99
30.11,3.0
30.13,3.0
30.15,3.0
30.18,3.01
30.2,3.01
30.22,3.02
30.24,3.02
30.27,3.02
30.29,3.03
30.31,3.03
30.34,3.04
30.36,3.04
30.38,3.04
30.41,3.05
30.43,3.05
30.45,3.06
30.47,3.06
30.5,3.06
30.52,3.07
30.54,3.07
30.57,3.08
30.59,3.08
30.61,3.08
30.64,3.09
30.66,3.09
30.68,3.1
30.71,3.1
30.73,3.1
30.75,3.11
30.77,3.11
30.8,3.12
30.82,3.12
30.84,3.12
30.87,3.13
30.89,3.13
30.91,3.14
30.94,3.14
30.96,3.14
30.98,3.15
31.01,3.15
31.03,3.16
31.05,3.16
31.07,3.16
31.1,3.17
31.12,3.17
31.14,3.18
31.17,3.18
31.19,3.19
31.21,3.19
31.24,3.19
31.26,3.2
31.28,3.2
31.3,3.21
31.33,3.21
31.35,3.21
31.37,3.22
31.4,3.22
31.42,3.23
31.44,3.23
31.47,3.23
31.49,3.24
31.51,3.24
31.54,3.25
31.56,3.25
31.58,3.26
31.6,3.26
31.63,3.26
31.65,3.27
31.67,3.27
31.7,3.28
31.72,3.28
31.74,3.28
31.77,3.29
31.79,3.29
31.81,3.3
31.83,3.3
31.86,3.31
31.88,3.31
31.9,3.31
31.93,3.32
31.95,3.32
31.97,3.33
32.0,3.33
32.02,3.33
32.04,3.34
32.07,3.34
32.09,3.35
32.11,3.35
32.13,3.36
32.16,3.36
32.18,3.36
32.2,3.37
32.23,3.37
32.25,3.38
32.27,3.38
32.3,3.39
32.32,3.39
32.34,3.39
32.37,3.4
32.39,3.4
32.41,3.41
32.43,3.41
32.46,3.42
32.48,3.42
32.5,3.42
32.53,3.43
32.55,3.43
32.57,3.44
32.6,3.44
32.62,3.45
32.64,3.45
32.66,3.45
32.69,3.46
32.71,3.46
32.73,3.47
32.76,3.47
32.78,3.48
32.8,3.48
32.83,3.48
32.85,3.49
32.87,3.49
32.9,3.5
32.92,3.5
32.94,3.51
32.96,3.51
32.99,3.51
33.01,3.52
33.03,3.52
33.06,3.53
33.08,3.53
33.1,3.54
33.13,3.54
33.15,3.54
33.17,3.55
33.2,3.55
33.22,3.56
33.24,3.56
33.26,3.57
33.29,3.57
33.31,3.58
33.33,3.58
33.36,3.58
33.38,3.59
33.4,3.59
33.43,3.6
33.45,3.6
33.47,3.61
33.49,3.61
33.52,3.61
33.54,3.62
33.56,3.62
33.59,3.63
33.61,3.63
33.63,3.64
33.66,3.64
33.68,3.65
33.7,3.65
33.73,3.65
33.75,3.66
33.77,3.66
33.79,3.67
33.82,3.67
33.84,3.68
33.86,3.68
33.89,3.69
33.91,3.69
33.93,3.69
33.96,3.7
33.98,3.7
34.0,3.71
34.02,3.71
34.05,3.72
34.07,3.72
34.09,3.73
34.12,3.73
34.14,3.73
34.16,3.74
34.19,3.74
34.21,3.75
34.23,3.75
34.26,3.76
34.28,3.76
34.3,3.77
34.32,3.77
34.35,3.77
34.37,3.78
34.39,3.78
34.42,3.79
34.44,3.79
34.46,3.8
34.49,3.8
34.51,3.81
34.53,3.81
34.56,3.82
34.58,3.82
34.6,3.82
34.62,3.83
34.65,3.83
34.67,3.84
34.69,3.84
34.72,3.85
34.74,3.85
34.76,3.86
34.79,3.86
34.81,3.87
34.83,3.87
34.85,3.88
34.88,3.88
34.9,3.88
34.92,3.89
34.95,3.89
34.97,3.9
34.99,3.9
35.02,3.91
35.04,3.91
35.06,3.92
35.09,3.92
35.11,3.93
35.13,3.93
35.15,3.94
35.18,3.94
35.2,3.94
35.22,3.95
35.25,3.95
35.27,3.96
35.29,3.96
35.32,3.97
35.34,3.97
35.36,3.98
35.38,3.98
35.41,3.99
35.43,3.99
35.45,4.0
35.48,4.0
35.5,4.01
35.52,4.01
35.55,4.01
35.57,4.02
35.59,4.02
35.62,4.03
35.64,4.03
35.66,4.04
35.68,4.04
35.71,4.05
35.73,4.05
35.75,4.06
35.78,4.06
35.8,4.07
35.82,4.07
35.85,4.08
35.87,4.08
35.89,4.08
35.92,4.09
35.94,4.09
35.96,4.1
35.98,4.1
36.01,4.11
36.03,4.11
36.05,4.12
36.08,4.12
36.1,4.13
36.12,4.13
36.15,4.14
36.17,4.14
36.19,4.15
36.21,4.15
36.24,4.16
36.26,4.16
36.28,4.17
36.31,4.17
36.33,4.18
36.35,4.18
36.38,4.19
36.4,4.19
36.42,4.19
36.45,4.2
36.47,4.2
36.49,4.21
36.51,4.21
36.54,4.22
36.56,4.22
36.58,4.23
36.61,4.23
36.63,4.24
36.65,4.24
36.68,4.25
36.7,4.25
36.72,4.26
36.75,4.26
36.77,4.27
36.79,4.27
36.81,4.28
36.84,4.28
36.86,4.29
36.88,4.29
36.91,4.3
36.93,4.3
36.95,4.31
36.98,4.31
37.0,4.32
37.02,4.32
37.04,4.33
37.07,4.33
37.09,4.34
37.11,4.34
37.14,4.35
37.16,4.35
37.18,4.36
37.21,4.36
37.23,4.37
37.25,4.37
37.28,4.38
37.3,4.38
37.32,4.39
37.34,4.39
37.37,4.4
37.39,4.4
37.41,4.41
37.44,4.41
37.46,4.42
37.48,4.42
37.51,4.43
37.53,4.43
37.55,4.44
37.57,4.44
37.6,4.45
37.62,4.45
37.64,4.46
37.67,4.46
37.69,4.47
37.71,4.47
37.74,4.48
37.76,4.48
37.78,4.49
37.81,4.49
37.83,4.5
37.85,4.5
37.87,4.51
37.9,4.51
37.92,4.52
37.94,4.52
37.97,4.53
37.99,4.53
38.01,4.54
38.04,4.54
38.06,4.55
38.08,4.55
38.11,4.56
38.13,4.56
38.15,4.57
38.17,4.57
38.2,4.58
38.22,4.58
38.24,4.59
38.27,4.59
38.29,4.6
38.31,4.6
38.34,4.61
38.36,4.61
38.38,4.62
38.4,4.63
38.43,4.63
38.45,4.64
38.47,4.64
38.5,4.65
38.52,4.65
38.54,4.66
38.57,4.66
38.59,4.67
38.61,4.67
38.64,4.68
38.66,4.68
38.68,4.69
38.7,4.69
38.73,4.7
38.75,4.7
38.77,4.71
38.8,4.71
38.82,4.72
38.84,4.72
38.87,4.73
38.89,4.74
38.91,4.74
38.93,4.75
38.96,4.75
38.98,4.76
39.0,4.76
39.03,4.77
39.05,4.77
39.07,4.78
39.1,4.78
39.12,4.79
39.14,4.79
39.17,4.8
39.19,4.8
39.21,4.81
39.23,4.82
39.26,4.82
39.28,4.83
39.3,4.83
39.33,4.84
39.35,4.84
39.37,4.85
39.4,4.85
39.42,4.86
39.44,4.86
39.47,4.87
39.49,4.87
39.51,4.88
39.53,4.89
39.56,4.89
39.58,4.9
39.6,4.9
39.63,4.91
39.65,4.91
39.67,4.92
39.7,4.92
39.72,4.93
39.74,4.93
39.76,4.94
39.79,4.95
39.81,4.95
39.83,4.96
39.86,4.96
39.88,4.97
39.9,4.97
39.93,4.98
39.95,4.98
39.97,4.99
40.0,4.99
40.02,5.0
40.04,5.01
40.06,5.01
40.09,5.02
40.11,5.02
40.13,5.03
40.16,5.03
40.18,5.04
40.2,5.04
40.23,5.05
40.25,5.06
40.27,5.06
40.3,5.07
40.32,5.07
40.34,5.08
40.36,5.08
40.39,5.09
40.41,5.09
40.43,5.1
40.46,5.11
40.48,5.11
40.5,5.12
40.53,5.12
40.55,5.13
40.57,5.13
40.59,5.14
40.62,5.14
40.64,5.15
40.66,5.16
40.69,5.16
40.71,5.17
40.73,5.17
40.76,5.18
40.78,5.18
40.8,5.19
40.83,5.2
40.85,5.2
40.87,5.21
40.89,5.21
40.92,5.22
40.94,5.22
40.96,5.23
40.99,5.24
41.01,5.24
41.03,5.25
41.06,5.25
41.08,5.26
41.1,5.26
41.12,5.27
41.15,5.27
41.17,5.28
41.19,5.29
41.22,5.29
41.24,5.3
41.26,5.3
41.29,5.31
41.31,5.32
41.33,5.32
41.36,5.33
41.38,5.33
41.4,5.34
41.42,5.34
41.45,5.35
41.47,5.36
41.49,5.36
41.52,5.37
41.54,5.37
41.56,5.38
41.59,5.38
41.61,5.39
41.63,5.4
41.66,5.4
41.68,5.41
41.7,5.41
41.72,5.42
41.75,5.43
41.77,5.43
41.79,5.44
41.82,5.44
41.84,5.45
41.86,5.45
41.89,5.46
41.91,5.47
41.93,5.47
41.95,5.48
41.98,5.48
42.0,5.49
42.02,5.5
42.05,5.5
42.07,5.51
42.09,5.51
42.12,5.52
42.14,5.53
42.16,5.53
42.19,5.54
42.21,5.54
42.23,5.55
42.25,5.56
42.28,5.56
42.3,5.57
42.32,5.57
42.35,5.58
42.37,5.59
42.39,5.59
42.42,5.6
42.44,5.6
42.46,5.61
42.49,5.62
42.51,5.62
42.53,5.63
42.55,5.63
42.58,5.64
42.6,5.65
42.62,5.65
42.65,5.66
42.67,5.66
42.69,5.67
42.72,5.68
42.74,5.68
42.76,5.69
42.78,5.69
42.81,5.7
42.83,5.71
42.85,5.71
42.88,5.72
42.9,5.72
42.92,5.73
42.95,5.74
42.97,5.74
42.99,5.75
43.02,5.75
43.04,5.76
43.06,5.77
43.08,5.77
43.11,5.78
43.13,5.79
43.15,5.79
43.18,5.8
43.2,5.8
43.22,5.81
43.25,5.82
43.27,5.82
43.29,5.83
43.31,5.83
43.34,5.84
43.36,5.85
43.38,5.85
43.41,5.86
43.43,5.87
43.45,5.87
43.48,5.88
43.5,5.88
43.52,5.89
43.55,5.9
43.57,5.9
43.59,5.91
43.61,5.92
43.64,5.92
43.66,5.93
43.68,5.93
43.71,5.94
43.73,5.95
43.75,5.95
43.78,5.96
43.8,5.97
43.82,5.97
43.85,5.98
43.87,5.99
43.89,5.99
43.91,6.0
43.94,6.0
43.96,6.01
43.98,6.02
44.01,6.02
44.03,6.03
44.05,6.04
44.08,6.04
44.1,6.05
44.12,6.05
44.14,6.06
44.17,6.07
44.19,6.07
44.21,6.08
44.24,6.09
44.26,6.09
44.28,6.1
44.31,6.11
44.33,6.11
44.35,6.12
44.38,6.13
44.4,6.13
44.42,6.14
44.44,6.14
44.47,6.15
44.49,6.16
44.51,6.16
44.54,6.17
44.56,6.18
44.58,6.18
44.61,6.19
44.63,6.2
44.65,6.2
44.67,6.21
44.7,6.22
44.72,6.22
44.74,6.23
44.77,6.24
44.79,6.24
44.81,6.25
44.84,6.26
44.86,6.26
44.88,6.27
44.91,6.28
44.93,6.28
44.95,6.29
44.97,6.29
45.0,6.3
45.02,6.31
45.04,6.31
45.07,6.32
45.09,6.33
45.11,6.33
45.14,6.34
45.16,6.35
45.18,6.35
45.21,6.36
45.23,6.37
45.25,6.37
45.27,6.38
45.3,6.39
45.32,6.39
45.34,6.4
45.37,6.41
45.39,6.41
45.41,6.42
45.44,6.43
45.46,6.43
45.48,6.44
45.5,6.45
45.53,6.45
45.55,6.46
45.57,6.47
45.6,6.47
45.62,6.48
45.64,6.49
45.67,6.49
45.69,6.5
45.71,6.51
45.74,6.51
45.76,6.52
45.78,6.53
45.8,6.53
45.83,6.54
45.85,6.55
45.87,6.55
45.9,6.56
45.92,6.57
45.94,6.58
45.97,6.58
45.99,6.59
46.01,6.6
46.04,6.6
46.06,6.61
46.08,6.62
46.1,6.62
46.13,6.63
46.15,6.64
46.17,6.64
46.2,6.65
46.22,6.66
46.24,6.66
46.27,6.67
46.29,6.68
46.31,6.68
46.33,6.69
46.36,6.7
46.38,6.7
46.4,6.71
46.43,6.72
46.45,6.72
46.47,6.73
46.5,6.74
46.52,6.75
46.54,6.75
46.57,6.76
46.59,6.77
46.61,6.77
46.63,6.78
46.66,6.79
46.68,6.79
46.7,6.8
46.73,6.81
46.75,6.81
46.77,6.82
46.8,6.83
46.82,6.83
46.84,6.84
46.86,6.85
46.89,6.86
46.91,6.86
46.93,6.87
46.96,6.88
46.98,6.88
47.0,6.89
47.03,6.9
47.05,6.9
47.07,6.91
47.1,6.92
47.12,6.92
47.14,6.93
47.16,6.94
47.19,6.95
47.21,6.95
47.23,6.96
47.26,6.97
47.28,6.97
47.3,6.98
47.33,6.99
47.35,6.99
47.37,7.0
47.4,7.01
47.42,7.02
47.44,7.02
47.46,7.03
47.49,7.04
47.51,7.04
47.53,7.05
47.56,7.06
47.58,7.06
47.6,7.07
47.63,7.08
47.65,7.09
47.67,7.09
47.69,7.1
47.72,7.11
47.74,7.11
47.76,7.12
47.79,7.13
47.81,7.14
47.83,7.14
47.86,7.15
47.88,7.16
47.9,7.16
47.93,7.17
47.95,7.18
47.97,7.19
47.99,7.19
48.02,7.2
48.04,7.21
48.06,7.21
48.09,7.22
48.11,7.23
48.13,7.24
48.16,7.24
48.18,7.25
48.2,7.26
48.22,7.26
48.25,7.27
48.27,7.28
48.29,7.29
48.32,7.29
48.34,7.3
48.36,7.31
48.39,7.31
48.41,7.32
48.43,7.33
48.46,7.34
48.48,7.34
48.5,7.35
48.52,7.36
48.55,7.37
48.57,7.37
48.59,7.38
48.62,7.39
48.64,7.39
48.66,7.4
48.69,7.41
48.71,7.42
48.73,7.42
48.76,7.43
48.78,7.44
48.8,7.45
48.82,7.45
48.85,7.46
48.87,7.47
48.89,7.48
48.92,7.48
48.94,7.49
48.96,7.5
48.99,7.5
49.01,7.51
49.03,7.52
49.05,7.53
49.08,7.53
49.1,7.54
49.12,7.55
49.15,7.56
49.17,7.56
49.19,7.57
49.22,7.58
49.24,7.59
49.26,7.59
49.29,7.6
49.31,7.61
49.33,7.62
49.35,7.62
49.38,7.63
49.4,7.64
49.42,7.64
49.45,7.65
49.47,7.66
49.49,7.67
49.52,7.67
49.54,7.68
49.56,7.69
49.59,7.7
49.61,7.7
49.63,7.71
49.65,7.72
49.68,7.73
49.7,7.73
49.72,7.74
49.75,7.75
49.77,7.76
49.79,7.76
49.82,7.77
49.84,7.78
49.86,7.79
49.88,7.79
49.91,7.8
49.93,7.81
49.95,7.82
49.98,7.82
50.0,7.83
50.02,7.84
50.05,7.85
50.07,7.85
50.09,7.86
50.12,7.87
50.14,7.88
50.16,7.89
50.18,7.89
50.21,7.9
50.23,7.91
50.25,7.92
50.28,7.92
50.3,7.93
50.32,7.94
50.35,7.95
50.37,7.95
50.39,7.96
50.41,7.97
50.44,7.98
50.46,7.98
50.48,7.99
50.51,8.0
50.53,8.01
50.55,8.02
50.58,8.02
50.6,8.03
50.62,8.04
50.65,8.05
50.67,8.05
50.69,8.06
50.71,8.07
50.74,8.08
50.76,8.08
50.78,8.09
50.81,8.1
50.83,8.11
50.85,8.12
50.88,8.12
50.9,8.13
50.92,8.14
50.95,8.15
50.97,8.15
50.99,8.16
51.01,8.17
51.04,8.18
51.06,8.19
51.08,8.19
51.11,8.2
51.13,8.21
51.15,8.22
51.18,8.22
51.2,8.23
51.22,8.24
51.24,8.25
51.27,8.26
51.29,8.26
51.31,8.27
51.34,8.28
51.36,8.29
51.38,8.29
51.41,8.3
51.43,8.31
51.45,8.32
51.48,8.33
51.5,8.33
51.52,8.34
51.54,8.35
51.57,8.36
51.59,8.37
51.61,8.37
51.64,8.38
51.66,8.39
51.68,8.4
51.71,8.41
51.73,8.41
51.75,8.42
51.78,8.43
51.8,8.44
51.82,8.44
51.84,8.45
51.87,8.46
51.89,8.47
51.91,8.48
51.94,8.48
51.96,8.49
51.98,8.5
52.01,8.51
52.03,8.52
52.05,8.52
52.07,8.53
52.1,8.54
52.12,8.55
52.14,8.56
52.17,8.56
52.19,8.57
52.21,8.58
52.24,8.59
52.26,8.6
52.28,8.6
52.31,8.61
52.33,8.62
52.35,8.63
52.37,8.64
52.4,8.65
52.42,8.65
52.44,8.66
52.47,8.67
52.49,8.68
52.51,8.69
52.54,8.69
52.56,8.7
52.58,8.71
52.6,8.72
52.63,8.73
52.65,8.73
52.67,8.74
52.7,8.75
52.72,8.76
52.74,8.77
52.77,8.78
52.79,8.78
52.81,8.79
52.84,8.8
52.86,8.81
52.88,8.82
52.9,8.82
52.93,8.83
52.95,8.84
52.97,8.85
53.0,8.86
53.02,8.87
53.04,8.87
53.07,8.88
53.09,8.89
53.11,8.9
53.14,8.91
53.16,8.92
53.18,8.92
53.2,8.93
53.23,8.94
53.25,8.95
53.27,8.96
53.3,8.97
53.32,8.97
53.34,8.98
53.37,8.99
53.39,9.0
53.41,9.01
53.43,9.02
53.46,9.02
53.48,9.03
53.5,9.04
53.53,9.05
53.55,9.06
53.57,9.07
53.6,9.07
53.62,9.08
53.64,9.09
53.67,9.1
53.69,9.11
53.71,9.12
53.73,9.13
53.76,9.13
53.78,9.14
53.8,9.15
53.83,9.16
53.85,9.17
53.87,9.18
53.9,9.18
53.92,9.19
53.94,9.2
53.96,9.21
53.99,9.22
54.01,9.23
54.03,9.24
54.06,9.24
54.08,9.25
54.1,9.26
54.13,9.27
54.15,9.28
54.17,9.29
54.2,9.3
54.22,9.31
54.24,9.31
54.26,9.32
54.29,9.33
54.31,9.34
54.33,9.35
54.36,9.36
54.38,9.37
54.4,9.37
54.43,9.38
54.45,9.39
54.47,9.4
54.5,9.41
54.52,9.42
54.54,9.43
54.56,9.44
54.59,9.44
54.61,9.45
54.63,9.46
54.66,9.47
54.68,9.48
54.7,9.49
54.73,9.5
54.75,9.51
54.77,9.51
54.79,9.52
54.82,9.53
54.84,9.54
54.86,9.55
54.89,9.56
54.91,9.57
54.93,9.58
54.96,9.58
54.98,9.59
55.0,9.6
55.03,9.61
55.05,9.62
55.07,9.63
55.09,9.64
55.12,9.65
55.14,9.66
55.16,9.66
55.19,9.67
55.21,9.68
55.23,9.69
55.26,9.7
55.28,9.71
55.3,9.72
55.33,9.73
55.35,9.74
55.37,9.74
55.39,9.75
55.42,9.76
55.44,9.77
55.46,9.78
55.49,9.79
55.51,9.8
55.53,9.81
55.56,9.82
55.58,9.83
55.6,9.83
55.62,9.84
55.65,9.85
55.67,9.86
55.69,9.87
55.72,9.88
55.74,9.89
55.76,9.9
55.79,9.91
55.81,9.92
55.83,9.92
55.86,9.93
55.88,9.94
55.9,9.95
55.92,9.96
55.95,9.97
55.97,9.98
55.99,9.99
56.02,10.0
56.04,10.01
56.06,10.02
56.09,10.03
56.11,10.03
56.13,10.04
56.15,10.05
56.18,10.06
56.2,10.07
56.22,10.08
56.25,10.09
56.27,10.1
56.29,10.11
56.32,10.12
56.34,10.13
56.36,10.14
56.39,10.14
56.41,10.15
56.43,10.16
56.45,10.17
56.48,10.18
56.5,10.19
56.52,10.2
56.55,10.21
56.57,10.22
56.59,10.23
56.62,10.24
56.64,10.25
56.66,10.26
56.69,10.27
56.71,10.28
56.73,10.28
56.75,10.29
56.78,10.3
56.8,10.31
56.82,10.32
56.85,10.33
56.87,10.34
56.89,10.35
56.92,10.36
56.94,10.37
56.96,10.38
56.98,10.39
57.01,10.4
57.03,10.41
57.05,10.42
57.08,10.43
57.1,10.44
57.12,10.45
57.15,10.45
57.17,10.46
57.19,10.47
57.22,10.48
57.24,10.49
57.26,10.5
57.28,10.51
57.31,10.52
57.33,10.53
57.35,10.54
57.38,10.55
57.4,10.56
57.42,10.57
57.45,10.58
57.47,10.59
57.49,10.6
57.51,10.61
57.54,10.62
57.56,10.63
57.58,10.64
57.61,10.65
57.63,10.66
57.65,10.67
57.68,10.68
57.7,10.69
57.72,10.7
57.75,10.71
57.77,10.72
57.79,10.72
57.81,10.73
57.84,10.74
57.86,10.75
57.88,10.76
57.91,10.77
57.93,10.78
57.95,10.79
57.98,10.8
58.0,10.81
58.02,10.82
58.05,10.83
58.07,10.84
58.09,10.85
58.11,10.86
58.14,10.87
58.16,10.88
58.18,10.89
58.21,10.9
58.23,10.91
58.25,10.92
58.28,10.93
58.3,10.94
58.32,10.95
58.34,10.96
58.37,10.97
58.39,10.98
58.41,10.99
58.44,11.0
58.46,11.01
58.48,11.02
58.51,11.03
58.53,11.04
58.55,11.05
58.58,11.06
58.6,11.07
58.62,11.08
58.64,11.09
58.67,11.1
58.69,11.11
58.71,11.12
58.74,11.13
58.76,11.14
58.78,11.15
58.81,11.16
58.83,11.17
58.85,11.18
58.88,11.19
58.9,11.2
58.92,11.21
58.94,11.22
58.97,11.23
58.99,11.24
59.01,11.25
59.04,11.26
59.06,11.27
59.08,11.29
59.11,11.3
59.13,11.31
59.15,11.32
59.17,11.33
59.2,11.34
59.22,11.35
59.24,11.36
59.27,11.37
59.29,11.38
59.31,11.39
59.34,11.4
59.36,11.41
59.38,11.42
59.41,11.43
59.43,11.44
59.45,11.45
59.47,11.46
59.5,11.47
59.52,11.48
59.54,11.49
59.57,11.5
59.59,11.51
59.61,11.52
59.64,11.53
59.66,11.54
59.68,11.55
59.7,11.56
59.73,11.57
59.75,11.59
59.77,11.6
59.8,11.61
59.82,11.62
59.84,11.63
59.87,11.64
59.89,11.65
59.91,11.66
59.94,11.67
59.96,11.68
59.98,11.69
60.0,11.7
60.03,11.71
60.05,11.72
60.07,11.73
60.1,11.74
60.12,11.75
60.14,11.76
60.17,11.78
60.19,11.79
60.21,11.8
60.24,11.81
60.26,11.82
60.28,11.83
60.3,11.84
60.33,11.85
60.35,11.86
60.37,11.87
60.4,11.88
60.42,11.89
60.44,11.9
60.47,11.91
60.49,11.92
60.51,11.94
60.53,11.95
60.56,11.96
60.58,11.97
60.6,11.98
60.63,11.99
60.65,12.0
60.67,12.01
60.7,12.02
60.72,12.03
60.74,12.04
60.77,12.06
60.79,12.07
60.81,12.08
60.83,12.09
60.86,12.1
60.88,12.11
60.9,12.12
60.93,12.13
60.95,12.14
60.97,12.15
61.0,12.16
61.02,12.18
61.04,12.19
61.07,12.2
61.09,12.21
61.11,12.22
61.13,12.23
61.16,12.24
61.18,12.25
61.2,12.26
61.23,12.27
61.25,12.29
61.27,12.3
61.3,12.31
61.32,12.32
61.34,12.33
61.36,12.34
61.39,12.35
61.41,12.36
61.43,12.37
61.46,12.39
61.48,12.4
61.5,12.41
61.53,12.42
61.55,12.43
61.57,12.44
61.6,12.45
61.62,12.46
61.64,12.48
61.66,12.49
61.69,12.5
61.71,12.51
61.73,12.52
61.76,12.53
61.78,12.54
61.8,12.55
61.83,12.57
61.85,12.58
61.87,12.59
61.89,12.6
61.92,12.61
61.94,12.62
61.96,12.63
61.99,12.65
62.01,12.66
62.03,12.67
62.06,12.68
62.08,12.69
62.1,12.7
62.13,12.71
62.15,12.73
62.17,12.74
62.19,12.75
62.22,12.76
62.24,12.77
62.26,12.78
62.29,12.79
62.31,12.81
62.33,12.82
62.36,12.83
62.38,12.84
62.4,12.85
62.43,12.86
62.45,12.87
62.47,12.89
62.49,12.9
62.52,12.91
62.54,12.92
62.56,12.93
62.59,12.94
62.61,12.96
62.63,12.97
62.66,12.98
62.68,12.99
62.7,13.0
62.72,13.01
62.75,13.03
62.77,13.04
62.79,13.05
62.82,13.06
62.84,13.07
62.86,13.08
62.89,13.1
62.91,13.11
62.93,13.12
62.96,13.13
62.98,13.14
63.0,13.15
63.02,13.17
63.05,13.18
63.07,13.19
63.09,13.2
63.12,13.21
63.14,13.22
63.16,13.24
63.19,13.25
63.21,13.26
63.23,13.27
63.25,13.28
63.28,13.3
63.3,13.31
63.32,13.32
63.35,13.33
63.37,13.34
63.39,13.36
63.42,13.37
63.44,13.38
63.46,13.39
63.49,13.4
63.51,13.41
63.53,13.43
63.55,13.44
63.58,13.45
63.6,13.46
63.62,13.47
63.65,13.49
63.67,13.5
63.69,13.51
63.72,13.52
63.74,13.53
63.76,13.55
63.79,13.56
63.81,13.57
63.83,13.58
63.85,13.59
63.88,13.61
63.9,13.62
63.92,13.63
63.95,13.64
63.97,13.65
63.99,13.67
64.02,13.68
64.04,13.69
64.06,13.7
64.08,13.72
64.11,13.73
64.13,13.74
64.15,13.75
64.18,13.76
64.2,13.78
64.22,13.79
64.25,13.8
64.27,13.81
64.29,13.82
64.32,13.84
64.34,13.85
64.36,13.86
64.38,13.87
64.41,13.89
64.43,13.9
64.45,13.91
64.48,13.92
64.5,13.94
64.52,13.95
64.55,13.96
64.57,13.97
64.59,13.98
64.62,14.0
64.64,14.01
64.66,14.02
64.68,14.03
64.71,14.05
64.73,14.06
64.75,14.07
64.78,14.08
64.8,14.1
64.82,14.11
64.85,14.12
64.87,14.13
64.89,14.15
64.91,14.16
64.94,14.17
64.96,14.18
64.98,14.2
65.01,14.21
65.03,14.22
65.05,14.23
65.08,14.25
65.1,14.26
65.12,14.27
65.15,14.29
65.17,14.3
65.19,14.31
65.21,14.32
65.24,14.34
65.26,14.35
65.28,14.36
65.31,14.37
65.33,14.39
65.35,14.4
65.38,14.41
65.4,14.42
65.42,14.44
65.44,14.45
65.47,14.46
65.49,14.48
65.51,14.49
65.54,14.5
65.56,14.51
65.58,14.53
65.61,14.54
65.63,14.55
65.65,14.56
65.68,14.58
65.7,14.59
65.72,14.6
65.74,14.62
65.77,14.63
65.79,14.64
65.81,14.65
65.84,14.67
65.86,14.68
65.88,14.69
65.91,14.71
65.93,14.72
65.95,14.73
65.98,14.75
66.0,14.76
66.02,14.77
66.04,14.78
66.07,14.8
66.09,14.81
66.11,14.82
66.14,14.84
66.16,14.85
66.18,14.86
66.21,14.88
66.23,14.89
66.25,14.9
66.27,14.92
66.3,14.93
66.32,14.94
66.34,14.96
66.37,14.97
66.39,14.98
66.41,14.99
66.44,15.01
66.46,15.02
66.48,15.03
66.51,15.05
66.53,15.06
66.55,15.08
66.57,15.09
66.6,15.1
66.62,15.12
66.64,15.13
66.67,15.14
66.69,15.16
66.71,15.17
66.74,15.18
66.76,15.2
66.78,15.21
66.8,15.22
66.83,15.24
66.85,15.25
66.87,15.26
66.9,15.28
66.92,15.29
66.94,15.3
66.97,15.32
66.99,15.33
67.01,15.35
67.04,15.36
67.06,15.37
67.08,15.39
67.1,15.4
67.13,15.41
67.15,15.43
67.17,15.44
67.2,15.46
67.22,15.47
67.24,15.48
67.27,15.5
67.29,15.51
67.31,15.52
67.34,15.54
67.36,15.55
67.38,15.57
67.4,15.58
67.43,15.59
67.45,15.61
67.47,15.62
67.5,15.64
67.52,15.65
67.54,15.66
67.57,15.68
67.59,15.69
67.61,15.71
67.63,15.72
67.66,15.73
67.68,15.75
67.7,15.76
67.73,15.78
67.75,15.79
67.77,15.8
67.8,15.82
67.82,15.83
67.84,15.85
67.87,15.86
67.89,15.87
67.91,15.89
67.93,15.9
67.96,15.92
67.98,15.93
68.0,15.94
68.03,15.96
68.05,15.97
68.07,15.99
68.1,16.0
68.12,16.02
68.14,16.03
68.17,16.04
68.19,16.06
68.21,16.07
68.23,16.09
68.26,16.1
68.28,16.12
68.3,16.13
68.33,16.14
68.35,16.16
68.37,16.17
68.4,16.19
68.42,16.2
68.44,16.22
68.46,16.23
68.49,16.25
68.51,16.26
68.53,16.27
68.56,16.29
68.58,16.3
68.6,16.32
68.63,16.33
68.65,16.35
68.67,16.36
68.7,16.38
68.72,16.39
68.74,16.4
68.76,16.42
68.79,16.43
68.81,16.45
68.83,16.46
68.86,16.48
68.88,16.49
68.9,16.51
68.93,16.52
68.95,16.54
68.97,16.55
68.99,16.57
69.02,16.58
69.04,16.6
69.06,16.61
69.09,16.62
69.11,16.64
69.13,16.65
69.16,16.67
69.18,16.68
69.2,16.7
69.23,16.71
69.25,16.73
69.27,16.74
69.29,16.76
69.32,16.77
69.34,16.79
69.36,16.8
69.39,16.82
69.41,16.83
69.43,16.85
69.46,16.86
69.48,16.88
69.5,16.89
69.53,16.91
69.55,16.92
69.57,16.94
69.59,16.95
69.62,16.97
69.64,16.98
69.66,17.0
69.69,17.01
69.71,17.03
69.73,17.04
69.76,17.06
69.78,17.07
69.8,17.09
69.82,17.1
69.85,17.12
69.87,17.13
69.89,17.15
69.92,17.16
69.94,17.18
69.96,17.19
69.99,17.21
70.01,17.22
70.03,17.24
70.06,17.25
70.08,17.27
70.1,17.28
70.12,17.3
70.15,17.32
70.17,17.33
70.19,17.35
70.22,17.36
70.24,17.38
70.26,17.39
70.29,17.41
70.31,17.42
70.33,17.44
70.36,17.45
70.38,17.47
70.4,17.49
70.42,17.5
70.45,17.52
70.47,17.53
70.49,17.55
70.52,17.56
70.54,17.58
70.56,17.59
70.59,17.61
70.61,17.63
70.63,17.64
70.65,17.66
70.68,17.67
70.7,17.69
70.72,17.7
70.75,17.72
70.77,17.73
70.79,17.75
70.82,17.77
70.84,17.78
70.86,17.8
70.89,17.81
70.91,17.83
70.93,17.84
70.95,17.86
70.98,17.88
71.0,17.89
71.02,17.91
71.05,17.92
71.07,17.94
71.09,17.96
71.12,17.97
71.14,17.99
71.16,18.0
71.18,18.02
71.21,18.04
71.23,18.05
71.25,18.07
71.28,18.08
71.3,18.1
71.32,18.12
71.35,18.13
71.37,18.15
71.39,18.16
71.42,18.18
71.44,18.2
71.46,18.21
71.48,18.23
71.51,18.24
71.53,18.26
71.55,18.28
71.58,18.29
71.6,18.31
71.62,18.32
71.65,18.34
71.67,18.36
71.69,18.37
71.72,18.39
71.74,18.41
71.76,18.42
71.78,18.44
71.81,18.46
71.83,18.47
71.85,18.49
71.88,18.5
71.9,18.52
71.92,18.54
71.95,18.55
71.97,18.57
71.99,18.59
72.01,18.6
72.04,18.62
72.06,18.64
72.08,18.65
72.11,18.67
72.13,18.69
72.15,18.7
72.18,18.72
72.2,18.74
72.22,18.75
72.25,18.77
72.27,18.79
72.29,18.8
72.31,18.82
72.34,18.84
72.36,18.85
72.38,18.87
72.41,18.89
72.43,18.9
72.45,18.92
72.48,18.94
72.5,18.95
72.52,18.97
72.54,18.99
72.57,19.0
72.59,19.02
72.61,19.04
72.64,19.06
72.66,19.07
72.68,19.09
72.71,19.11
72.73,19.12
72.75,19.14
72.78,19.16
72.8,19.17
72.82,19.19
72.84,19.21
72.87,19.23
72.89,19.24
72.91,19.26
72.94,19.28
72.96,19.29
72.98,19.31
73.01,19.33
73.03,19.35
73.05,19.36
73.08,19.38
73.1,19.4
73.12,19.41
73.14,19.43
73.17,19.45
73.19,19.47
73.21,19.48
73.24,19.5
73.26,19.52
73.28,19.54
73.31,19.55
73.33,19.57
73.35,19.59
73.37,19.61
73.4,19.62
73.42,19.64
73.44,19.66
73.47,19.68
73.49,19.69
73.51,19.71
73.54,19.73
73.56,19.75
73.58,19.76
73.61,19.78
73.63,19.8
73.65,19.82
73.67,19.83
73.7,19.85
73.72,19.87
73.74,19.89
73.77,19.91
73.79,19.92
73.81,19.94
73.84,19.96
73.86,19.98
73.88,19.99
73.91,20.01
73.93,20.03
73.95,20.05
73.97,20.07
74.0,20.08
74.02,20.1
74.04,20.12
74.07,20.14
74.09,20.16
74.11,20.17
74.14,20.19
74.16,20.21
74.18,20.23
74.2,20.25
74.23,20.26
74.25,20.28
74.27,20.3
74.3,20.32
74.32,20.34
74.34,20.36
74.37,20.37
74.39,20.39
74.41,20.41
74.44,20.43
74.46,20.45
74.48,20.46
74.5,20.48
74.53,20.5
74.55,20.52
74.57,20.54
74.6,20.56
74.62,20.57
74.64,20.59
74.67,20.61
74.69,20.63
74.71,20.65
74.73,20.67
74.76,20.68
74.78,20.7
74.8,20.72
74.83,20.74
74.85,20.76
74.87,20.78
74.9,20.8
74.92,20.81
74.94,20.83
74.97,20.85
74.99,20.87
75.01,20.89
75.03,20.91
75.06,20.93
75.08,20.95
75.1,20.96
75.13,20.98
75.15,21.0
75.17,21.02
75.2,21.04
75.22,21.06
75.24,21.08
75.27,21.1
75.29,21.12
75.31,21.13
75.33,21.15
75.36,21.17
75.38,21.19
75.4,21.21
75.43,21.23
75.45,21.25
75.47,21.27
75.5,21.29
75.52,21.31
75.54,21.32
75.56,21.34
75.59,21.36
75.61,21.38
75.63,21.4
75.66,21.42
75.68,21.44
75.7,21.46
75.73,21.48
75.75,21.5
75.77,21.52
75.8,21.54
75.82,21.56
75.84,21.57
75.86,21.59
75.89,21.61
75.91,21.63
75.93,21.65
75.96,21.67
75.98,21.69
76.0,21.71
76.03,21.73
76.05,21.75
76.07,21.77
76.09,21.79
76.12,21.81
76.14,21.83
76.16,21.85
76.19,21.87
76.21,21.89
76.23,21.91
76.26,21.93
76.28,21.95
76.3,21.97
76.33,21.99
76.35,22.01
76.37,22.03
76.39,22.05
76.42,22.07
76.44,22.09
76.46,22.11
76.49,22.13
76.51,22.15
76.53,22.17
76.56,22.19
76.58,22.21
76.6,22.23
76.63,22.25
76.65,22.27
76.67,22.29
76.69,22.31
76.72,22.33
76.74,22.35
76.76,22.37
76.79,22.39
76.81,22.41
76.83,22.43
76.86,22.45
76.88,22.47
76.9,22.49
76.92,22.51
76.95,22.53
76.97,22.55
76.99,22.57
77.02,22.59
77.04,22.61
77.06,22.63
77.09,22.65
77.11,22.67
77.13,22.69
77.16,22.71
77.18,22.73
77.2,22.75
77.22,22.77
77.25,22.79
77.27,22.81
77.29,22.83
77.32,22.85
77.34,22.88
77.36,22.9
77.39,22.92
77.41,22.94
77.43,22.96
77.46,22.98
77.48,23.0
77.5,23.02
77.52,23.04
77.55,23.06
77.57,23.08
77.59,23.1
77.62,23.12
77.64,23.14
77.66,23.16
77.69,23.19
77.71,23.21
77.73,23.23
77.75,23.25
77.78,23.27
77.8,23.29
77.82,23.31
77.85,23.33
77.87,23.35
77.89,23.37
77.92,23.39
77.94,23.42
77.96,23.44
77.99,23.46
78.01,23.48
78.03,23.5
78.05,23.52
78.08,23.54
78.1,23.56
78.12,23.58
78.15,23.61
78.17,23.63
78.19,23.65
78.22,23.67
78.24,23.69
78.26,23.71
78.28,23.73
78.31,23.75
78.33,23.78
78.35,23.8
78.38,23.82
78.4,23.84
78.42,23.86
78.45,23.88
78.47,23.9
78.49,23.93
78.52,23.95
78.54,23.97
78.56,23.99
78.58,24.01
78.61,24.03
78.63,24.06
78.65,24.08
78.68,24.1
78.7,24.12
78.72,24.14
78.75,24.17
78.77,24.19
78.79,24.21
78.82,24.23
78.84,24.25
78.86,24.27
78.88,24.3
78.91,24.32
78.93,24.34
78.95,24.36
78.98,24.39
79.0,24.41
79.02,24.43
79.05,24.45
79.07,24.47
79.09,24.5
79.11,24.52
79.14,24.54
79.16,24.56
79.18,24.59
79.21,24.61
79.23,24.63
79.25,24.65
79.28,24.68
79.3,24.7
79.32,24.72
79.35,24.74
79.37,24.77
79.39,24.79
79.41,24.81
79.44,24.83
79.46,24.86
79.48,24.88
79.51,24.9
79.53,24.92
79.55,24.95
79.58,24.97
79.6,24.99
79.62,25.02
79.64,25.04
79.67,25.06
79.69,25.08
79.71,25.11
79.74,25.13
79.76,25.15
79.78,25.18
79.81,25.2
79.83,25.22
79.85,25.24
79.88,25.27
79.9,25.29
79.92,25.31
79.94,25.34
79.97,25.36
79.99,25.38
80.01,25.41
80.04,25.43
80.06,25.45
80.08,25.48
80.11,25.5
80.13,25.52
80.15,25.55
80.18,25.57
80.2,25.59
80.22,25.62
80.24,25.64
80.27,25.66
80.29,25.69
80.31,25.71
80.34,25.73
80.36,25.76
80.38,25.78
80.41,25.8
80.43,25.83
80.45,25.85
80.47,25.87
80.5,25.9
80.52,25.92
80.54,25.94
80.57,25.97
80.59,25.99
80.61,26.01
80.64,26.04
80.66,26.06
80.68,26.09
80.71,26.11
80.73,26.13
80.75,26.16
80.77,26.18
80.8,26.2
80.82,26.23
80.84,26.25
80.87,26.28
80.89,26.3
80.91,26.32
80.94,26.35
80.96,26.37
80.98,26.4
81.01,26.42
81.03,26.45
81.05,26.47
81.07,26.49
81.1,26.52
81.12,26.54
81.14,26.57
81.17,26.59
81.19,26.62
81.21,26.64
81.24,26.66
81.26,26.69
81.28,26.71
81.3,26.74
81.33,26.76
81.35,26.79
81.37,26.81
81.4,26.84
81.42,26.86
81.44,26.89
81.47,26.91
81.49,26.94
81.51,26.96
81.54,26.99
81.56,27.01
81.58,27.04
81.6,27.06
81.63,27.09
81.65,27.11
81.67,27.14
81.7,27.16
81.72,27.19
81.74,27.21
81.77,27.24
81.79,27.26
81.81,27.29
81.83,27.31
81.86,27.34
81.88,27.36
81.9,27.39
81.93,27.41
81.95,27.44
81.97,27.46
82.0,27.49
82.02,27.51
82.04,27.54
82.07,27.57
82.09,27.59
82.11,27.62
82.13,27.64
82.16,27.67
82.18,27.69
82.2,27.72
82.23,27.75
82.25,27.77
82.27,27.8
82.3,27.82
82.32,27.85
82.34,27.87
82.37,27.9
82.39,27.93
82.41,27.95
82.43,27.98
82.46,28.0
82.48,28.03
82.5,28.06
82.53,28.08
82.55,28.11
82.57,28.14
82.6,28.16
82.62,28.19
82.64,28.21
82.66,28.24
82.69,28.27
82.71,28.29
82.73,28.32
82.76,28.35
82.78,28.37
82.8,28.4
82.83,28.43
82.85,28.45
82.87,28.48
82.9,28.51
82.92,28.53
82.94,28.56
82.96,28.59
82.99,28.61
83.01,28.64
83.03,28.67
83.06,28.69
83.08,28.72
83.1,28.75
83.13,28.77
83.15,28.8
83.17,28.83
83.2,28.85
83.22,28.88
83.24,28.91
83.26,28.94
83.29,28.96
83.31,28.99
83.33,29.02
83.36,29.05
83.38,29.07
83.4,29.1
83.43,29.13
83.45,29.16
83.47,29.18
83.49,29.21
83.52,29.24
83.54,29.27
83.56,29.29
83.59,29.32
83.61,29.35
83.63,29.38
83.66,29.41
83.68,29.43
83.7,29.46
83.73,29.49
83.75,29.52
83.77,29.55
83.79,29.57
83.82,29.6
83.84,29.63
83.86,29.66
83.89,29.69
83.91,29.71
83.93,29.74
83.96,29.77
83.98,29.8
84.0,29.83
84.02,29.86
84.05,29.88
84.07,29.91
84.09,29.94
84.12,29.97
84.14,30.0
84.16,30.03
84.19,30.06
84.21,30.08
84.23,30.11
84.26,30.14
84.28,30.17
84.3,30.2
84.32,30.23
84.35,30.26
84.37,30.29
84.39,30.32
84.42,30.35
84.44,30.37
84.46,30.4
84.49,30.43
84.51,30.46
84.53,30.49
84.56,30.52
84.58,30.55
84.6,30.58
84.62,30.61
84.65,30.64
84.67,30.67
84.69,30.7
84.72,30.73
84.74,30.76
84.76,30.78
84.79,30.81
84.81,30.84
84.83,30.87
84.85,30.9
84.88,30.93
84.9,30.96
84.92,30.99
84.95,31.02
84.97,31.05
84.99,31.08
85.02,31.11
85.04,31.14
85.06,31.17
85.09,31.2
85.11,31.23
85.13,31.26
85.15,31.29
85.18,31.32
85.2,31.35
85.22,31.38
85.25,31.41
85.27,31.44
85.29,31.47
85.32,31.5
85.34,31.53
85.36,31.56
85.38,31.59
85.41,31.62
85.43,31.65
85.45,31.68
85.48,31.71
85.5,31.74
85.52,31.77
85.55,31.8
85.57,31.83
85.59,31.86
85.62,31.9
85.64,31.93
85.66,31.96
85.68,31.99
85.71,32.02
85.73,32.05
85.75,32.08
85.78,32.11
85.8,32.14
85.82,32.17
85.85,32.21
85.87,32.24
85.89,32.27
85.92,32.3
85.94,32.33
85.96,32.36
85.98,32.39
86.01,32.42
86.03,32.46
86.05,32.49
86.08,32.52
86.1,32.55
86.12,32.58
86.15,32.61
86.17,32.64
86.19,32.68
86.21,32.71
86.24,32.74
86.26,32.77
86.28,32.8
86.31,32.84
86.33,32.87
86.35,32.9
86.38,32.93
86.4,32.96
86.42,33.0
86.45,33.03
86.47,33.06
86.49,33.09
86.51,33.12
86.54,33.16
86.56,33.19
86.58,33.22
86.61,33.25
86.63,33.29
86.65,33.32
86.68,33.35
86.7,33.38
86.72,33.42
86.75,33.45
86.77,33.48
86.79,33.51
86.81,33.55
86.84,33.58
86.86,33.61
86.88,33.65
86.91,33.68
86.93,33.71
86.95,33.75
86.98,33.78
87.0,33.81
87.02,33.85
87.04,33.88
87.07,33.91
87.09,33.95
87.11,33.98
87.14,34.01
87.16,34.05
87.18,34.08
87.21,34.11
87.23,34.15
87.25,34.18
87.28,34.22
87.3,34.25
87.32,34.28
87.34,34.32
87.37,34.35
87.39,34.39
87.41,34.42
87.44,34.45
87.46,34.49
87.48,34.52
87.51,34.56
87.53,34.59
87.55,34.63
87.57,34.66
87.6,34.7
87.62,34.73
87.64,34.77
87.67,34.8
87.69,34.83
87.71,34.87
87.74,34.9
87.76,34.94
87.78,34.97
87.81,35.01
87.83,35.04
87.85,35.08
87.87,35.11
87.9,35.15
87.92,35.18
87.94,35.22
87.97,35.26
87.99,35.29
88.01,35.33
88.04,35.36
88.06,35.4
88.08,35.43
88.11,35.47
88.13,35.5
88.15,35.54
88.17,35.58
88.2,35.61
88.22,35.65
88.24,35.68
88.27,35.72
88.29,35.76
88.31,35.79
88.34,35.83
88.36,35.86
88.38,35.9
88.4,35.94
88.43,35.97
88.45,36.01
88.47,36.05
88.5,36.08
88.52,36.12
88.54,36.16
88.57,36.2
88.59,36.23
88.61,36.27
88.64,36.31
88.66,36.34
88.68,36.38
88.7,36.42
88.73,36.46
88.75,36.49
88.77,36.53
88.8,36.57
88.82,36.61
88.84,36.65
88.87,36.68
88.89,36.72
88.91,36.76
88.93,36.8
88.96,36.84
88.98,36.87
89.0,36.91
89.03,36.95
89.05,36.99
89.07,37.03
89.1,37.07
89.12,37.11
89.14,37.14
89.17,37.18
89.19,37.22
89.21,37.26
89.23,37.3
89.26,37.34
89.28,37.38
89.3,37.42
89.33,37.46
89.35,37.5
89.37,37.54
89.4,37.57
89.42,37.61
89.44,37.65
89.47,37.69
89.49,37.73
89.51,37.77
89.53,37.81
89.56,37.85
89.58,37.89
89.6,37.93
89.63,37.97
89.65,38.01
89.67,38.05
89.7,38.1
89.72,38.14
89.74,38.18
89.76,38.22
89.79,38.26
89.81,38.3
89.83,38.34
89.86,38.38
89.88,38.42
89.9,38.46
89.93,38.5
89.95,38.54
89.97,38.58
90.0,38.62
90.02,38.67
90.04,38.71
90.06,38.75
90.09,38.79
90.11,38.83
90.13,38.87
90.16,38.91
90.18,38.95
90.2,39.0
90.23,39.04
90.25,39.08
90.27,39.12
90.3,39.16
90.32,39.2
90.34,39.25
90.36,39.29
90.39,39.33
90.41,39.37
90.43,39.41
90.46,39.46
90.48,39.5
90.5,39.54
90.53,39.58
90.55,39.62
90.57,39.67
90.59,39.71
90.62,39.75
90.64,39.79
90.66,39.84
90.69,39.88
90.71,39.92
90.73,39.96
90.76,40.01
90.78,40.05
90.8,40.09
90.83,40.13
90.85,40.18
90.87,40.22
90.89,40.26
90.92,40.31
90.94,40.35
90.96,40.39
90.99,40.44
91.01,40.48
91.03,40.52
91.06,40.57
91.08,40.61
91.1,40.66
91.12,40.7
91.15,40.74
91.17,40.79
91.19,40.83
91.22,40.88
91.24,40.92
91.26,40.97
91.29,41.01
91.31,41.06
91.33,41.1
91.36,41.15
91.38,41.19
91.4,41.24
91.42,41.28
91.45,41.33
91.47,41.37
91.49,41.42
91.52,41.46
91.54,41.51
91.56,41.55
91.59,41.6
91.61,41.64
91.63,41.69
91.66,41.73
91.68,41.78
91.7,41.83
91.72,41.87
91.75,41.92
91.77,41.96
91.79,42.01
91.82,42.06
91.84,42.1
91.86,42.15
91.89,42.2
91.91,42.24
91.93,42.29
91.95,42.34
91.98,42.38
92.0,42.43
92.02,42.48
92.05,42.52
92.07,42.57
92.09,42.62
92.12,42.67
92.14,42.71
92.16,42.76
92.19,42.81
92.21,42.86
92.23,42.9
92.25,42.95
92.28,43.0
92.3,43.05
92.32,43.1
92.35,43.15
92.37,43.2
92.39,43.24
92.42,43.29
92.44,43.34
92.46,43.39
92.49,43.44
92.51,43.49
92.53,43.54
92.55,43.59
92.58,43.64
92.6,43.69
92.62,43.74
92.65,43.79
92.67,43.84
92.69,43.89
92.72,43.94
92.74,43.99
92.76,44.04
92.78,44.09
92.81,44.14
92.83,44.19
92.85,44.24
92.88,44.29
92.9,44.35
92.92,44.4
92.95,44.45
92.97,44.5
92.99,44.55
93.02,44.61
93.04,44.66
93.06,44.71
93.08,44.76
93.11,44.81
93.13,44.87
93.15,44.92
93.18,44.97
93.2,45.03
93.22,45.08
93.25,45.13
93.27,45.19
93.29,45.24
93.31,45.29
93.34,45.35
93.36,45.4
93.38,45.46
93.41,45.51
93.43,45.56
93.45,45.62
93.48,45.67
93.5,45.73
93.52,45.78
93.55,45.84
93.57,45.89
93.59,45.95
93.61,46.01
93.64,46.06
93.66,46.12
93.68,46.17
93.71,46.23
93.73,46.29
93.75,46.34
93.78,46.4
93.8,46.46
93.82,46.51
93.85,46.57
93.87,46.63
93.89,46.68
93.91,46.74
93.94,46.8
93.96,46.85
93.98,46.91
94.01,46.97
94.03,47.03
94.05,47.09
94.08,47.15
94.1,47.2
94.12,47.26
94.14,47.32
94.17,47.38
94.19,47.44
94.21,47.5
94.24,47.56
94.26,47.62
94.28,47.68
94.31,47.74
94.33,47.8
94.35,47.86
94.38,47.92
94.4,47.98
94.42,48.04
94.44,48.1
94.47,48.16
94.49,48.23
94.51,48.29
94.54,48.35
94.56,48.41
94.58,48.47
94.61,48.54
94.63,48.6
94.65,48.66
94.67,48.73
94.7,48.79
94.72,48.85
94.74,48.92
94.77,48.98
94.79,49.04
94.81,49.11
94.84,49.17
94.86,49.23
94.88,49.3
94.91,49.36
94.93,49.43
94.95,49.49
94.97,49.56
95.0,49.62
95.02,49.69
95.04,49.75
95.07,49.82
95.09,49.89
95.11,49.95
95.14,50.02
95.16,50.09
95.18,50.15
95.21,50.22
95.23,50.29
95.25,50.36
95.27,50.43
95.3,50.49
95.32,50.56
95.34,50.63
95.37,50.7
95.39,50.77
95.41,50.84
95.44,50.91
95.46,50.98
95.48,51.05
95.5,51.13
95.53,51.2
95.55,51.27
95.57,51.34
95.6,51.41
95.62,51.49
95.64,51.56
95.67,51.63
95.69,51.7
95.71,51.78
95.74,51.85
95.76,51.93
95.78,52.0
95.8,52.08
95.83,52.15
95.85,52.23
95.87,52.3
95.9,52.38
95.92,52.45
95.94,52.53
95.97,52.6
95.99,52.68
96.01,52.76
96.04,52.83
96.06,52.91
96.08,52.99
96.1,53.06
96.13,53.14
96.15,53.22
96.17,53.3
96.2,53.37
96.22,53.45
96.24,53.53
96.27,53.61
96.29,53.69
96.31,53.77
96.33,53.85
96.36,53.93
96.38,54.01
96.4,54.09
96.43,54.17
96.45,54.26
96.47,54.34
96.5,54.42
96.52,54.5
96.54,54.58
96.57,54.67
96.59,54.75
96.61,54.84
96.63,54.92
96.66,55.01
96.68,55.1
96.7,55.18
96.73,55.27
96.75,55.36
96.77,55.45
96.8,55.54
96.82,55.63
96.84,55.71
96.86,55.8
96.89,55.9
96.91,55.99
96.93,56.08
96.96,56.17
96.98,56.26
97.0,56.35
97.03,56.45
97.05,56.54
97.07,56.63
97.1,56.73
97.12,56.82
97.14,56.92
97.16,57.02
97.19,57.12
97.21,57.21
97.23,57.31
97.26,57.41
97.28,57.51
97.3,57.61
97.33,57.72
97.35,57.82
97.37,57.92
97.4,58.02
97.42,58.13
97.44,58.24
97.46,58.34
97.49,58.45
97.51,58.56
97.53,58.67
97.56,58.78
97.58,58.89
97.6,59.0
97.63,59.12
97.65,59.23
97.67,59.35
97.69,59.46
97.72,59.58
97.74,59.7
97.76,59.82
97.79,59.94
97.81,60.05
97.83,60.17
97.86,60.29
97.88,60.41
97.9,60.54
97.93,60.66
97.95,60.78
97.97,60.91
97.99,61.03
98.02,61.15
98.04,61.28
98.06,61.41
98.09,61.54
98.11,61.67
98.13,61.8
98.16,61.94
98.18,62.08
98.2,62.21
98.22,62.35
98.25,62.49
98.27,62.63
98.29,62.77
98.32,62.91
98.34,63.06
98.36,63.2
98.39,63.35
98.41,63.5
98.43,63.65
98.46,63.8
98.48,63.95
98.5,64.1
98.52,64.26
98.55,64.41
98.57,64.58
98.59,64.74
98.62,64.91
98.64,65.08
98.66,65.26
98.69,65.45
98.71,65.63
98.73,65.82
98.76,66.0
98.78,66.19
98.8,66.38
98.82,66.57
98.85,66.77
98.87,66.96
98.89,67.16
98.92,67.36
98.94,67.57
98.96,67.78
98.99,68.0
99.01,68.22
99.03,68.45
99.05,68.68
99.08,68.92
99.1,69.16
99.12,69.4
99.15,69.69
99.17,69.99
99.19,70.29
99.22,70.6
99.24,70.92
99.26,71.24
99.29,71.57
99.31,71.93
99.33,72.28
99.35,72.66
99.38,73.04
99.4,73.43
99.42,73.85
99.45,74.26
99.47,74.71
99.49,75.17
99.52,75.64
99.54,76.14
99.56,76.71
99.59,77.29
99.61,77.9
99.63,78.53
99.65,79.19
99.68,79.85
99.7,80.53
99.72,81.26
99.75,81.99
99.77,82.74
99.79,83.6
99.82,84.51
99.84,85.54
99.86,86.85
99.88,88.25
99.91,89.87
99.93,91.76
99.95,93.94
99.98,96.86
100.0,100.0
